{"model": "multi_subject", "embedding": "clip", "seed": 42, "wall_clock_s": 352.68624329566956, "pid": 19692, "phase": "completed", "done": true, "results": {"per_subject": {"sub-01": {"test_mean_r": 0.1051432192325592, "test_max_r": 0.6863934993743896}, "sub-02": {"test_mean_r": 0.09726092964410782, "test_max_r": 0.6949666142463684}, "sub-03": {"test_mean_r": 0.1164671927690506, "test_max_r": 0.7144160270690918}, "sub-04": {"test_mean_r": 0.14371757209300995, "test_max_r": 0.6526955962181091}, "sub-05": {"test_mean_r": 0.11780768632888794, "test_max_r": 0.7312983870506287}, "sub-06": {"test_mean_r": 0.12572191655635834, "test_max_r": 0.6880742907524109}, "sub-07": {"test_mean_r": 0.11791834235191345, "test_max_r": 0.7138036489486694}, "sub-08": {"test_mean_r": 0.13988113403320312, "test_max_r": 0.7279375791549683}, "sub-09": {"test_mean_r": 0.09997931122779846, "test_max_r": 0.6298484206199646}, "sub-10": {"test_mean_r": 0.15509943664073944, "test_max_r": 0.7611578106880188}}, "best_val_r": 0.051359760016202925, "null_subject_r": {"sub-01": 0.07726108282804489, "sub-02": 0.07039832323789597, "sub-03": 0.08556018769741058, "sub-04": 0.0999281108379364, "sub-05": 0.07863599061965942, "sub-06": 0.08661582320928574, "sub-07": 0.07535848766565323, "sub-08": 0.09004814177751541, "sub-09": 0.054044924676418304, "sub-10": 0.10597480833530426}}}