{
  "ridge": {
    "mean_r": -0.0025999743957072496,
    "posterior_r": -0.0021606076043099165,
    "max_r": 0.42764902114868164
  },
  "variant_A_null": {
    "mean_r": 0.004909180570393801,
    "posterior_r": 0.011576106771826744,
    "max_r": 0.4323103725910187
  },
  "variant_B_block": {
    "mean_r": 0.028111089020967484,
    "posterior_r": 0.035894472151994705,
    "max_r": 0.4920002222061157,
    "val_r": 0.00840506050735712
  },
  "variant_C_full_ft": {
    "mean_r": 0.010027052834630013,
    "posterior_r": 0.016067354008555412,
    "max_r": 0.4324188232421875
  }
}