{
  "ridge": {
    "mean_r": 0.01657656766474247,
    "posterior_r": 0.01950530707836151,
    "max_r": 0.4460618793964386
  },
  "variant_A_null": {
    "mean_r": 0.009665919467806816,
    "posterior_r": 0.017283152788877487,
    "max_r": 0.4337494969367981
  },
  "variant_A_avg": {
    "mean_r": 0.006839515175670385,
    "posterior_r": 0.01620475761592388,
    "max_r": 0.4307892918586731
  },
  "variant_B_block": {
    "mean_r": 0.0365871861577034,
    "posterior_r": 0.051590606570243835,
    "max_r": 0.5192491412162781
  },
  "variant_C_full_ft": {
    "mean_r": 0.0065368665382266045,
    "posterior_r": 0.013115860521793365,
    "max_r": 0.40838250517845154
  }
}