{
  "ridge": {
    "mean_r": 0.0007168881711550057,
    "posterior_r": 0.013363022357225418,
    "max_r": 0.23533128201961517
  },
  "variant_A_null": {
    "mean_r": -0.0015269927680492401,
    "posterior_r": 0.010819635353982449,
    "max_r": 0.3092621862888336
  },
  "variant_B_block": {
    "mean_r": 0.010577619075775146,
    "posterior_r": 0.010749083012342453,
    "max_r": 0.3151751160621643,
    "val_r": 0.0054214391857385635
  },
  "variant_C_full_ft": {
    "mean_r": -0.0018046211916953325,
    "posterior_r": 0.006332239601761103,
    "max_r": 0.3635839819908142
  }
}