{
  "ridge": {
    "mean_r": 0.005681788083165884,
    "posterior_r": 0.0002962336875498295,
    "max_r": 0.35751673579216003
  },
  "variant_A_null": {
    "mean_r": 0.03435599058866501,
    "posterior_r": 0.06419158726930618,
    "max_r": 0.6382373571395874
  },
  "variant_B_block": {
    "mean_r": 0.023816633969545364,
    "posterior_r": 0.027248868718743324,
    "max_r": 0.5407528877258301,
    "val_r": 0.001955509651452303
  },
  "variant_C_full_ft": {
    "mean_r": 0.04546879976987839,
    "posterior_r": 0.07296009361743927,
    "max_r": 0.6248243451118469
  }
}