{
  "ridge": {
    "mean_r": 0.010185055434703827,
    "posterior_r": 0.005705047864466906,
    "max_r": 0.2341664880514145
  },
  "variant_A_null": {
    "mean_r": 0.0033443637657910585,
    "posterior_r": 0.007545094005763531,
    "max_r": 0.24577562510967255
  },
  "variant_B_block": {
    "mean_r": 0.019154686480760574,
    "posterior_r": 0.023797862231731415,
    "max_r": 0.2595723569393158,
    "val_r": 0.0022842620965093374
  },
  "variant_C_full_ft": {
    "mean_r": 0.010364425368607044,
    "posterior_r": 0.009214479476213455,
    "max_r": 0.2579813301563263
  }
}